{"cameraMode":{"drawMode":0,"name":"Shaded","section":"Shading Mode"},"sceneLighting":false,"audioPlay":false,"sceneViewState":{"showFog":true,"showMaterialUpdate":false,"showSkybox":true,"showFlares":true,"showImageEffects":true,"showParticleSystems":true},"in2DMode":false,"pivot":{"x":22.352895736694337,"y":2.488492727279663,"z":3.5770280361175539},"rotation":{"x":-6.206192504354391e-11,"y":0.9841112494468689,"z":-0.17755365371704102,"w":-1.6228146604291283e-10},"size":13.900002479553223,"orthographic":false}